[{
  "Inbound_Payment" : [{
	"key" : "SEPA",
	"y" : 14505,
	"color":"red"
  }, {
	"key" : "BOOK",
	"y" : 7236,
	"color":"green"
  }, {
	"key" : "CCCC",
	"y" : 5376,
	"color":"blue"
  }, {
	"key" : "DDDD",
	"y" : 2776,
	"color":"#333"
  }, {
	"key" : "DDDD",
	"y" : 2776,
	"color":"#333"
  }, {
	"key" : "DDDD",
	"y" : 2776,
	"color":"#333"
  }, {
	"key" : "DDDD",
	"y" : 2776,
	"color":"#333"
  }, {
	"key" : "DDDD",
	"y" : 2776,
	"color":"#333"
  }
  ]
}, {
  "MOP" : [{
	"key" : "SEPA",
	"y" : 14505,
	"color":"red"
  }, {
	"key" : "BOOK",
	"y" : 7236
  }, {
	"key" : "CCCC",
	"y" : 5376
  }, {
	"key" : "DDDD",
	"y" : 2776
  }
  ]
}

]