[{
		"uniquerefnumber" : "123456",
		"clientid" : "8704",
		"clientname" : "Haytrans Inc",
		"filename" : "citichannel_needapproval_1.xml",
		"amount" : "542154",
		"currency" : "USD",
		"entrydate" : "1444626691000",
		"payment" : [{
				"paymentsuccess" : 3,
				"paymentnotprocess" : 0,
				"paymentneedsapproval" : 0,
				"paymentpending" : 2
			}
		],
		"officeid" : "1",
		"branchid" : "1",
		"sourcechannel" : "CHANNEL",
		"sourcemessagetype" : "Custom",
		"sourcemessagereference" : "VPE1510158011",
		"sourcemessagefunction" : "Customer Credit Transfer",
		"sourcemessage" : null,
		"issourcebatch" : true,
		"executiondate" : 1444626000000,
		"valuedate" : 1394431200000,
		"debtorname" : null,
		"debtorbic" : null,
		"debtorcuid" : null,
		"debtorclrsysmmbid" : null,
		"debtorclrsysmmbidscheme" : null,
		"debtorcustomerid" : null,
		"debtoraccount" : null,
		"debitamount" : null,
		"debitcurrency" : null,
		"creditorname" : "ICICI2",
		"creditorbic" : null,
		"creditorcuid" : null,
		"creditorclrsysmmbid" : null,
		"creditorclrsysmmbidscheme" : null,
		"creditorcustomerid" : null,
		"creditoraccount" : null,
		"creditamount" : null,
		"creditcurrency" : null,
		"fxrate" : null,
		"fxdealid" : null,
		"creditfxrate" : null,
		"creditfxdealid" : null,
		"methodofpayment" : null,
		"destinationmessagetype" : null,
		"destinationmessage" : null,
		"status" : "REPAIR",
		"errorfieldid" : null,
		"freeFormText" : "Webservice invocation failure. Could not send Message.",
		"currentprocessingserver" : "cobie",
		"priority" : null,
		"hash" : null,
		"repairid" : null,
		"paymentfinalstatus" : "success",
		"payments" : [{
				"Unique_Ref_Id" : "VPE1510158011",
				"Msg_Ref" : "SEPA01",
				"MOP" : "SEPA",
				"Value_Date" : "2015-09-20",
				"Exec_Date" : "2015-10-15 12:31:03.603",
				"Currency" : "EUR",
				"Amount" : "1001.01",
				"Status" : "COMPLETED"
			}, {
				"Unique_Ref_Id" : "VPE1510158012",
				"Msg_Ref" : "SEPA02",
				"MOP" : "SEPA",
				"Value_Date" : "2015-09-20",
				"Exec_Date" : "2015-10-15 12:31:03.606",
				"Currency" : "EUR",
				"Amount" : "1002.02",
				"Status" : "COMPLETED"
			}, {
				"Unique_Ref_Id" : "VPE1510158013",
				"Msg_Ref" : "BOOK01",
				"MOP" : "BOOK",
				"Value_Date" : "2015-09-20",
				"Exec_Date" : "2015-10-15 12:30:43.790",
				"Currency" : "EUR",
				"Amount" : "1004.04",
				"Status" : "NOT PROCESSED"
			}, {
				"Unique_Ref_Id" : "VPE1510158014",
				"Msg_Ref" : "SEPA03",
				"MOP" : "SEPA",
				"Value_Date" : "2015-09-20",
				"Exec_Date" : "2015-10-15 12:31:03.608",
				"Currency" : "EUR",
				"Amount" : "992.03",
				"Status" : "NEEDS APPROVAL"
			}
		],
		"fileaudit" : [{
				"Timestamp" : "2015-10-15 12:30:16.810",
				"Event" : "RECEIVE_PAYMENT",
				"Actor" : "SYSTEM",
				"Description" : "Message Received in host DV-20-RR. Assigned UIR '801'",
				"External_Reference" : ""
			}, {
				"Timestamp" : "2015-10-15 12:30:17.896",
				"Event" : "VALIDATE_AND_DEBULK",
				"Actor" : "SYSTEM",
				"Description" : "Bulk input with 4 payments received via SEPA",
				"External_Reference" : ""
			}, {
				"Timestamp" : "2015-10-15 12:31:03.635",
				"Event" : "PROCESS_PAYMENT",
				"Actor" : "SYSTEM",
				"Description" : "File moved to state COMPLETED",
				"External_Reference" : ""
			}
		],
		"Audit" : [{
				"Timestamp" : "2015-10-15 12:30:23.704",
				"Event" : "START_OF_PROCESSING",
				"Actor" : "SYSTEM",
				"Description" : "Payment restarted from state TOBEPROCESSED.",
				"External_Reference" : ""
			}, {
				"Timestamp" : "2015-10-15 12:30:24.169",
				"Event" : "OFAC_CHECK",
				"Actor" : "SYSTEM",
				"Description" : "OFAC check: Pass.",
				"External Reference" : "View"
			}, {
				"Timestamp" : "2015-10-15 12:30:24.376",
				"Event" : "DEBIT_PARTY_DERIVATION",
				"Actor" : "SYSTEM",
				"Description" : "Debit party: Bong Dicolas with account number 1045610410",
				"External_Reference" : ""
			}, {
				"Timestamp" : "2015-10-15 12:30:24.454",
				"Event" : "CREDIT_PARTY_DERIVATION",
				"Actor" : "SYSTEM",
				"Description" : "Credit party - BIC 'LIKIGB2LXXX'",
				"External_Reference" : ""
			}, {
				"Timestamp" : "2015-10-15 12:30:24.631",
				"Event" : "CREDIT_PARTY_DERIVATION",
				"Actor" : "SYSTEM",
				"Description" : "MOP - SEPA",
				"External_Reference" : ""
			}, {
				"Timestamp" : "2015-10-15 12:30:24.789",
				"Event" : "ACCOUNT_POSTING",
				"Actor" : "SYSTEM",
				"Description" : "Sent account posting message and received 'ACK' response. Account: 1045610410, Debit Amount: EUR 1001.01",
				"ExternalReference" : "View"
			}, {
				"Timestamp" : "2015-10-15 12:30:24.801",
				"Event" : "ACCOUNT_POSTING",
				"Actor" : "SYSTEM",
				"Description" : "Received 'ACCOUNTS POSTED' response for account posting message. Account: 1045610410, Debit Amount: EUR 1001.01",
				"External Reference" : "View"
			}, {
				"Timestamp" : "2015-10-15 12:30:24.814",
				"Event" : "ACCOUNT_POSTING",
				"Actor" : "SYSTEM",
				"Description" : "Received 'FUNDS CHECK SUCCESS' response for account posting message. Account: 1045610410, Debit Amount: EUR 1001.01",
				"External Reference" : "View"
			}, {
				"Timestamp" : "2015-10-15 12:30:24.826",
				"Event" : "ACCOUNT_POSTING",
				"Actor" : "SYSTEM",
				"Description" : "Sent account posting message and received 'ACK' response. Account: 1245451533, Credit Amount: EUR 1001.01",
				"External Reference" : "View"
			}, {
				"Timestamp" : "2015-10-15 12:30:24.838",
				"Event" : "ACCOUNT_POSTING",
				"Actor" : "SYSTEM",
				"Description" : "Received 'ACCOUNTS POSTED' response for account posting message. Account: 1245451533, Credit Amount: EUR 1001.01",
				"External Reference" : "View"
			}, {
				"Timestamp" : "2015-10-15 12:30:24.851",
				"Event" : "ACCOUNT_POSTING",
				"Actor" : "SYSTEM",
				"Description" : "Received 'FUNDS CHECK SUCCESS' response for account posting message. Account: 1245451533, Credit Amount: EUR 1001.01",
				"External Reference" : "View"
			}, {
				"Timestamp" : "2015-10-15 12:30:24.899",
				"Event" : "FUNDS_CHECK",
				"Actor" : "SYSTEM",
				"Description" : "Funds check for debit account 1045610410: Success",
				"External_Reference" : ""
			}, {
				"Timestamp" : "2015-10-15 12:30:25.371",
				"Event" : "PROCESS_PAYMENT",
				"Actor" : "SYSTEM",
				"Description" : "Payment awaiting bulk.",
				"External_Reference" : ""
			}, {
				"Timestamp" : "2015-10-15 12:31:03.584",
				"Event" : "BULKING",
				"Actor" : "SYSTEM",
				"Description" : "BULKING payment. URIs in BULK are - [VPE1510158011, VPE1510158012, VPE1510158014].",
				"External_Reference" : ""
			}, {
				"Timestamp" : "2015-10-15 12:31:03.622",
				"Event" : "PROCESS_PAYMENT",
				"Actor" : "SYSTEM",
				"Description" : "BULK payment processed successfully.",
				"External_Reference" : ""
			}
		],

		"Message" : [{
				"Action" : "View",
				"Timestamp" : "2015-10-15 12:30:16.777",
				"Relation" : "Input",
				"Method" : "SEPA"
			}, {
				"Action" : "View",
				"Timestamp" : "2015-10-15 12:31:03.613",
				"Relation" : "Output",
				"Method" : "SEPA"
			}
		]
	}, {
		"uniquerefnumber" : "123457",
		"clientid" : "8705",
		"clientname" : "Haytrans Inc",
		"filename" : "citichannel_needapproval_2.xml",
		"amount" : "542155",
		"currency" : "EURO",
		"entrydate" : "1444626691001",
		"payment" : [{
				"paymentsuccess" : 10,
				"paymentnotprocess" : 0,
				"paymentneedsapproval" : 2,
				"paymentpending" : 4
			}
		],
		"officeid" : "1",
		"branchid" : "1",
		"sourcechannel" : "CHANNEL",
		"sourcemessagetype" : "Custom",
		"sourcemessagereference" : "VPE1510158011",
		"sourcemessagefunction" : "Customer Credit Transfer",
		"sourcemessage" : null,
		"issourcebatch" : true,
		"executiondate" : 1444626000000,
		"valuedate" : 1394431200000,
		"debtorname" : null,
		"debtorbic" : null,
		"debtorcuid" : null,
		"debtorclrsysmmbid" : null,
		"debtorclrsysmmbidscheme" : null,
		"debtorcustomerid" : null,
		"debtoraccount" : null,
		"debitamount" : null,
		"debitcurrency" : null,
		"creditorname" : "ICICI2",
		"creditorbic" : null,
		"creditorcuid" : null,
		"creditorclrsysmmbid" : null,
		"creditorclrsysmmbidscheme" : null,
		"creditorcustomerid" : null,
		"creditoraccount" : null,
		"creditamount" : null,
		"creditcurrency" : null,
		"fxrate" : null,
		"fxdealid" : null,
		"creditfxrate" : null,
		"creditfxdealid" : null,
		"methodofpayment" : null,
		"destinationmessagetype" : null,
		"destinationmessage" : null,
		"status" : "REPAIR",
		"errorfieldid" : null,
		"freeFormText" : "Webservice invocation failure. Could not send Message.",
		"currentprocessingserver" : "cobie",
		"priority" : null,
		"hash" : null,
		"repairid" : null,
		"paymentfinalstatus" : "success",
		"payments" : [{
				"Unique_Ref_Id" : "VPE1510158011",
				"Msg_Ref" : "SEPA01",
				"MOP" : "SEPA",
				"Value_Date" : "2015-09-20",
				"Exec_Date" : "2015-10-15 12:31:03.603",
				"Currency" : "EUR",
				"Amount" : "1001.01",
				"Status" : "COMPLETED"
			}, {
				"Unique_Ref_Id" : "VPE1510158012",
				"Msg_Ref" : "SEPA02",
				"MOP" : "SEPA",
				"Value_Date" : "2015-09-20",
				"Exec_Date" : "2015-10-15 12:31:03.606",
				"Currency" : "EUR",
				"Amount" : "1002.02",
				"Status" : "COMPLETED"
			}, {
				"Unique_Ref_Id" : "VPE1510158013",
				"Msg_Ref" : "BOOK01",
				"MOP" : "BOOK",
				"Value_Date" : "2015-09-20",
				"Exec_Date" : "2015-10-15 12:30:43.790",
				"Currency" : "EUR",
				"Amount" : "1004.04",
				"Status" : "COMPLETED"
			}, {
				"Unique_Ref_Id" : "VPE1510158014",
				"Msg_Ref" : "SEPA03",
				"MOP" : "SEPA",
				"Value_Date" : "2015-09-20",
				"Exec_Date" : "2015-10-15 12:31:03.608",
				"Currency" : "EUR",
				"Amount" : "992.03",
				"Status" : "COMPLETED"
			}
		],
		"fileaudit" : [{
				"Timestamp" : "2015-10-15 12:30:16.810",
				"Event" : "RECEIVE_PAYMENT",
				"Actor" : "SYSTEM",
				"Description" : "Message Received in host DV-20-RR. Assigned UIR '801'",
				"External_Reference" : ""
			}, {
				"Timestamp" : "2015-10-15 12:30:17.896",
				"Event" : "VALIDATE_AND_DEBULK",
				"Actor" : "SYSTEM",
				"Description" : "Bulk input with 4 payments received via SEPA",
				"External_Reference" : ""
			}, {
				"Timestamp" : "2015-10-15 12:31:03.635",
				"Event" : "PROCESS_PAYMENT",
				"Actor" : "SYSTEM",
				"Description" : "File moved to state COMPLETED",
				"External_Reference" : ""
			}
		],
		"Audit" : [{
				"Timestamp" : "2015-10-15 12:30:23.704",
				"Event" : "START_OF_PROCESSING",
				"Actor" : "SYSTEM",
				"Description" : "Payment restarted from state TOBEPROCESSED.",
				"External_Reference" : ""
			}, {
				"Timestamp" : "2015-10-15 12:30:24.169",
				"Event" : "OFAC_CHECK",
				"Actor" : "SYSTEM",
				"Description" : "OFAC check: Pass.",
				"External Reference" : "View"
			}, {
				"Timestamp" : "2015-10-15 12:30:24.376",
				"Event" : "DEBIT_PARTY_DERIVATION",
				"Actor" : "SYSTEM",
				"Description" : "Debit party: Bong Dicolas with account number 1045610410",
				"External_Reference" : ""
			}, {
				"Timestamp" : "2015-10-15 12:30:24.454",
				"Event" : "CREDIT_PARTY_DERIVATION",
				"Actor" : "SYSTEM",
				"Description" : "Credit party - BIC 'LIKIGB2LXXX'",
				"External_Reference" : ""
			}, {
				"Timestamp" : "2015-10-15 12:30:24.631",
				"Event" : "CREDIT_PARTY_DERIVATION",
				"Actor" : "SYSTEM",
				"Description" : "MOP - SEPA",
				"External_Reference" : ""
			}, {
				"Timestamp" : "2015-10-15 12:30:24.789",
				"Event" : "ACCOUNT_POSTING",
				"Actor" : "SYSTEM",
				"Description" : "Sent account posting message and received 'ACK' response. Account: 1045610410, Debit Amount: EUR 1001.01",
				"ExternalReference" : "View"
			}, {
				"Timestamp" : "2015-10-15 12:30:24.801",
				"Event" : "ACCOUNT_POSTING",
				"Actor" : "SYSTEM",
				"Description" : "Received 'ACCOUNTS POSTED' response for account posting message. Account: 1045610410, Debit Amount: EUR 1001.01",
				"External Reference" : "View"
			}, {
				"Timestamp" : "2015-10-15 12:30:24.814",
				"Event" : "ACCOUNT_POSTING",
				"Actor" : "SYSTEM",
				"Description" : "Received 'FUNDS CHECK SUCCESS' response for account posting message. Account: 1045610410, Debit Amount: EUR 1001.01",
				"External Reference" : "View"
			}, {
				"Timestamp" : "2015-10-15 12:30:24.826",
				"Event" : "ACCOUNT_POSTING",
				"Actor" : "SYSTEM",
				"Description" : "Sent account posting message and received 'ACK' response. Account: 1245451533, Credit Amount: EUR 1001.01",
				"External Reference" : "View"
			}, {
				"Timestamp" : "2015-10-15 12:30:24.838",
				"Event" : "ACCOUNT_POSTING",
				"Actor" : "SYSTEM",
				"Description" : "Received 'ACCOUNTS POSTED' response for account posting message. Account: 1245451533, Credit Amount: EUR 1001.01",
				"External Reference" : "View"
			}, {
				"Timestamp" : "2015-10-15 12:30:24.851",
				"Event" : "ACCOUNT_POSTING",
				"Actor" : "SYSTEM",
				"Description" : "Received 'FUNDS CHECK SUCCESS' response for account posting message. Account: 1245451533, Credit Amount: EUR 1001.01",
				"External Reference" : "View"
			}, {
				"Timestamp" : "2015-10-15 12:30:24.899",
				"Event" : "FUNDS_CHECK",
				"Actor" : "SYSTEM",
				"Description" : "Funds check for debit account 1045610410: Success",
				"External_Reference" : ""
			}, {
				"Timestamp" : "2015-10-15 12:30:25.371",
				"Event" : "PROCESS_PAYMENT",
				"Actor" : "SYSTEM",
				"Description" : "Payment awaiting bulk.",
				"External_Reference" : ""
			}, {
				"Timestamp" : "2015-10-15 12:31:03.584",
				"Event" : "BULKING",
				"Actor" : "SYSTEM",
				"Description" : "BULKING payment. URIs in BULK are - [VPE1510158011, VPE1510158012, VPE1510158014].",
				"External_Reference" : ""
			}, {
				"Timestamp" : "2015-10-15 12:31:03.622",
				"Event" : "PROCESS_PAYMENT",
				"Actor" : "SYSTEM",
				"Description" : "BULK payment processed successfully.",
				"External_Reference" : ""
			}
		],

		"Message" : [{
				"Action" : "View",
				"Timestamp" : "2015-10-15 12:30:16.777",
				"Relation" : "Input",
				"Method" : "SEPA"
			}, {
				"Action" : "View",
				"Timestamp" : "2015-10-15 12:31:03.613",
				"Relation" : "Output",
				"Method" : "SEPA"
			}
		]
	}, {
		"uniquerefnumber" : "123458",
		"clientid" : "8706",
		"clientname" : "Haytrans Inc",
		"filename" : "citichannel_needapproval_3.xml",
		"amount" : "542156",
		"currency" : "USD",
		"entrydate" : "1444626691002",
		"payment" : [{
				"paymentsuccess" : 5,
				"paymentnotprocess" : 1,
				"paymentneedsapproval" : 7,
				"paymentpending" : 2
			}
		],
		"officeid" : "1",
		"branchid" : "1",
		"sourcechannel" : "CHANNEL",
		"sourcemessagetype" : "Custom",
		"sourcemessagereference" : "VPE1510158011",
		"sourcemessagefunction" : "Customer Credit Transfer",
		"sourcemessage" : null,
		"issourcebatch" : true,
		"executiondate" : 1444626000000,
		"valuedate" : 1394431200000,
		"debtorname" : null,
		"debtorbic" : null,
		"debtorcuid" : null,
		"debtorclrsysmmbid" : null,
		"debtorclrsysmmbidscheme" : null,
		"debtorcustomerid" : null,
		"debtoraccount" : null,
		"debitamount" : null,
		"debitcurrency" : null,
		"creditorname" : "ICICI2",
		"creditorbic" : null,
		"creditorcuid" : null,
		"creditorclrsysmmbid" : null,
		"creditorclrsysmmbidscheme" : null,
		"creditorcustomerid" : null,
		"creditoraccount" : null,
		"creditamount" : null,
		"creditcurrency" : null,
		"fxrate" : null,
		"fxdealid" : null,
		"creditfxrate" : null,
		"creditfxdealid" : null,
		"methodofpayment" : null,
		"destinationmessagetype" : null,
		"destinationmessage" : null,
		"status" : "REPAIR",
		"errorfieldid" : null,
		"freeFormText" : "Webservice invocation failure. Could not send Message.",
		"currentprocessingserver" : "cobie",
		"priority" : null,
		"hash" : null,
		"repairid" : null,
		"paymentfinalstatus" : "success",
		"payments" : [{
				"Unique_Ref_Id" : "VPE1510158011",
				"Msg_Ref" : "SEPA01",
				"MOP" : "SEPA",
				"Value_Date" : "2015-09-20",
				"Exec_Date" : "2015-10-15 12:31:03.603",
				"Currency" : "EUR",
				"Amount" : "1001.01",
				"Status" : "COMPLETED"
			}, {
				"Unique_Ref_Id" : "VPE1510158012",
				"Msg_Ref" : "SEPA02",
				"MOP" : "SEPA",
				"Value_Date" : "2015-09-20",
				"Exec_Date" : "2015-10-15 12:31:03.606",
				"Currency" : "EUR",
				"Amount" : "1002.02",
				"Status" : "COMPLETED"
			}, {
				"Unique_Ref_Id" : "VPE1510158013",
				"Msg_Ref" : "BOOK01",
				"MOP" : "BOOK",
				"Value_Date" : "2015-09-20",
				"Exec_Date" : "2015-10-15 12:30:43.790",
				"Currency" : "EUR",
				"Amount" : "1004.04",
				"Status" : "COMPLETED"
			}, {
				"Unique_Ref_Id" : "VPE1510158014",
				"Msg_Ref" : "SEPA03",
				"MOP" : "SEPA",
				"Value_Date" : "2015-09-20",
				"Exec_Date" : "2015-10-15 12:31:03.608",
				"Currency" : "EUR",
				"Amount" : "992.03",
				"Status" : "COMPLETED"
			}
		],
		"fileaudit" : [{
				"Timestamp" : "2015-10-15 12:30:16.810",
				"Event" : "RECEIVE_PAYMENT",
				"Actor" : "SYSTEM",
				"Description" : "Message Received in host DV-20-RR. Assigned UIR '801'",
				"External_Reference" : ""
			}, {
				"Timestamp" : "2015-10-15 12:30:17.896",
				"Event" : "VALIDATE_AND_DEBULK",
				"Actor" : "SYSTEM",
				"Description" : "Bulk input with 4 payments received via SEPA",
				"External_Reference" : ""
			}, {
				"Timestamp" : "2015-10-15 12:31:03.635",
				"Event" : "PROCESS_PAYMENT",
				"Actor" : "SYSTEM",
				"Description" : "File moved to state COMPLETED",
				"External_Reference" : ""
			}
		],
		"Audit" : [{
				"Timestamp" : "2015-10-15 12:30:23.704",
				"Event" : "START_OF_PROCESSING",
				"Actor" : "SYSTEM",
				"Description" : "Payment restarted from state TOBEPROCESSED.",
				"External_Reference" : ""
			}, {
				"Timestamp" : "2015-10-15 12:30:24.169",
				"Event" : "OFAC_CHECK",
				"Actor" : "SYSTEM",
				"Description" : "OFAC check: Pass.",
				"External Reference" : "View"
			}, {
				"Timestamp" : "2015-10-15 12:30:24.376",
				"Event" : "DEBIT_PARTY_DERIVATION",
				"Actor" : "SYSTEM",
				"Description" : "Debit party: Bong Dicolas with account number 1045610410",
				"External_Reference" : ""
			}, {
				"Timestamp" : "2015-10-15 12:30:24.454",
				"Event" : "CREDIT_PARTY_DERIVATION",
				"Actor" : "SYSTEM",
				"Description" : "Credit party - BIC 'LIKIGB2LXXX'",
				"External_Reference" : ""
			}, {
				"Timestamp" : "2015-10-15 12:30:24.631",
				"Event" : "CREDIT_PARTY_DERIVATION",
				"Actor" : "SYSTEM",
				"Description" : "MOP - SEPA",
				"External_Reference" : ""
			}, {
				"Timestamp" : "2015-10-15 12:30:24.789",
				"Event" : "ACCOUNT_POSTING",
				"Actor" : "SYSTEM",
				"Description" : "Sent account posting message and received 'ACK' response. Account: 1045610410, Debit Amount: EUR 1001.01",
				"ExternalReference" : "View"
			}, {
				"Timestamp" : "2015-10-15 12:30:24.801",
				"Event" : "ACCOUNT_POSTING",
				"Actor" : "SYSTEM",
				"Description" : "Received 'ACCOUNTS POSTED' response for account posting message. Account: 1045610410, Debit Amount: EUR 1001.01",
				"External Reference" : "View"
			}, {
				"Timestamp" : "2015-10-15 12:30:24.814",
				"Event" : "ACCOUNT_POSTING",
				"Actor" : "SYSTEM",
				"Description" : "Received 'FUNDS CHECK SUCCESS' response for account posting message. Account: 1045610410, Debit Amount: EUR 1001.01",
				"External Reference" : "View"
			}, {
				"Timestamp" : "2015-10-15 12:30:24.826",
				"Event" : "ACCOUNT_POSTING",
				"Actor" : "SYSTEM",
				"Description" : "Sent account posting message and received 'ACK' response. Account: 1245451533, Credit Amount: EUR 1001.01",
				"External Reference" : "View"
			}, {
				"Timestamp" : "2015-10-15 12:30:24.838",
				"Event" : "ACCOUNT_POSTING",
				"Actor" : "SYSTEM",
				"Description" : "Received 'ACCOUNTS POSTED' response for account posting message. Account: 1245451533, Credit Amount: EUR 1001.01",
				"External Reference" : "View"
			}, {
				"Timestamp" : "2015-10-15 12:30:24.851",
				"Event" : "ACCOUNT_POSTING",
				"Actor" : "SYSTEM",
				"Description" : "Received 'FUNDS CHECK SUCCESS' response for account posting message. Account: 1245451533, Credit Amount: EUR 1001.01",
				"External Reference" : "View"
			}, {
				"Timestamp" : "2015-10-15 12:30:24.899",
				"Event" : "FUNDS_CHECK",
				"Actor" : "SYSTEM",
				"Description" : "Funds check for debit account 1045610410: Success",
				"External_Reference" : ""
			}, {
				"Timestamp" : "2015-10-15 12:30:25.371",
				"Event" : "PROCESS_PAYMENT",
				"Actor" : "SYSTEM",
				"Description" : "Payment awaiting bulk.",
				"External_Reference" : ""
			}, {
				"Timestamp" : "2015-10-15 12:31:03.584",
				"Event" : "BULKING",
				"Actor" : "SYSTEM",
				"Description" : "BULKING payment. URIs in BULK are - [VPE1510158011, VPE1510158012, VPE1510158014].",
				"External_Reference" : ""
			}, {
				"Timestamp" : "2015-10-15 12:31:03.622",
				"Event" : "PROCESS_PAYMENT",
				"Actor" : "SYSTEM",
				"Description" : "BULK payment processed successfully.",
				"External_Reference" : ""
			}
		],

		"Message" : [{
				"Action" : "View",
				"Timestamp" : "2015-10-15 12:30:16.777",
				"Relation" : "Input",
				"Method" : "SEPA"
			}, {
				"Action" : "View",
				"Timestamp" : "2015-10-15 12:31:03.613",
				"Relation" : "Output",
				"Method" : "SEPA"
			}
		]
	}, {
		"uniquerefnumber" : "123459",
		"clientid" : "8706",
		"clientname" : "Haytrans Inc",
		"filename" : "citichannel_needapproval_4.xml",
		"amount" : "542156",
		"currency" : "EURO",
		"entrydate" : "1444626691002",
		"payment" : [{
				"paymentsuccess" : 3,
				"paymentnotprocess" : 8,
				"paymentneedsapproval" : 1,
				"paymentpending" : 12
			}
		],
		"paymentfinalstatus" : "success",
		"payments" : [{
				"Unique_Ref_Id" : "VPE1510158011",
				"Msg_Ref" : "SEPA01",
				"MOP" : "SEPA",
				"Value_Date" : "2015-09-20",
				"Exec_Date" : "2015-10-15 12:31:03.603",
				"Currency" : "EUR",
				"Amount" : "1001.01",
				"Status" : "COMPLETED"
			}, {
				"Unique_Ref_Id" : "VPE1510158012",
				"Msg_Ref" : "SEPA02",
				"MOP" : "SEPA",
				"Value_Date" : "2015-09-20",
				"Exec_Date" : "2015-10-15 12:31:03.606",
				"Currency" : "EUR",
				"Amount" : "1002.02",
				"Status" : "COMPLETED"
			}, {
				"Unique_Ref_Id" : "VPE1510158013",
				"Msg_Ref" : "BOOK01",
				"MOP" : "BOOK",
				"Value_Date" : "2015-09-20",
				"Exec_Date" : "2015-10-15 12:30:43.790",
				"Currency" : "EUR",
				"Amount" : "1004.04",
				"Status" : "COMPLETED"
			}, {
				"Unique_Ref_Id" : "VPE1510158014",
				"Msg_Ref" : "SEPA03",
				"MOP" : "SEPA",
				"Value_Date" : "2015-09-20",
				"Exec_Date" : "2015-10-15 12:31:03.608",
				"Currency" : "EUR",
				"Amount" : "992.03",
				"Status" : "COMPLETED"
			}
		],
		"fileaudit" : [{
				"Timestamp" : "2015-10-15 12:30:16.810",
				"Event" : "RECEIVE_PAYMENT",
				"Actor" : "SYSTEM",
				"Description" : "Message Received in host DV-20-RR. Assigned UIR '801'",
				"External_Reference" : ""
			}, {
				"Timestamp" : "2015-10-15 12:30:17.896",
				"Event" : "VALIDATE_AND_DEBULK",
				"Actor" : "SYSTEM",
				"Description" : "Bulk input with 4 payments received via SEPA",
				"External_Reference" : ""
			}, {
				"Timestamp" : "2015-10-15 12:31:03.635",
				"Event" : "PROCESS_PAYMENT",
				"Actor" : "SYSTEM",
				"Description" : "File moved to state COMPLETED",
				"External_Reference" : ""
			}
		]
	}, {
		"uniquerefnumber" : "123460",
		"clientid" : "8707",
		"clientname" : "Haytrans Inc",
		"filename" : "citichannel_needapproval_5.xml",
		"amount" : "542157",
		"currency" : "EURO",
		"entrydate" : "1444626691003",
		"payment" : [{
				"paymentsuccess" : 13,
				"paymentnotprocess" : 2,
				"paymentneedsapproval" : 9,
				"paymentpending" : 8
			}
		],
		"paymentfinalstatus" : "notprocess"
	}, {
		"uniquerefnumber" : "123461",
		"clientid" : "8707",
		"clientname" : "Haytrans Inc",
		"filename" : "citichannel_needapproval_6.xml",
		"amount" : "542157",
		"currency" : "EURO",
		"entrydate" : "1444626691003",
		"payment" : [{
				"paymentsuccess" : 7,
				"paymentnotprocess" : 1,
				"paymentneedsapproval" : 8,
				"paymentpending" : 4
			}
		],
		"paymentfinalstatus" : "notprocess"
	}, {
		"uniquerefnumber" : "123462",
		"clientid" : "8708",
		"clientname" : "Haytrans Inc",
		"filename" : "citichannel_needapproval_7.xml",
		"amount" : "542158",
		"currency" : "EURO",
		"entrydate" : "1444626691004",
		"payment" : [{
				"paymentsuccess" : 3,
				"paymentnotprocess" : 0,
				"paymentneedsapproval" : 0,
				"paymentpending" : 2
			}
		],
		"paymentfinalstatus" : "needapproval"
	}, {
		"uniquerefnumber" : "123463",
		"clientid" : "8708",
		"clientname" : "Haytrans Inc",
		"filename" : "citichannel_needapproval_8.xml",
		"amount" : "542158",
		"currency" : "USD",
		"entrydate" : "1444626691004",
		"payment" : [{
				"paymentsuccess" : 5,
				"paymentnotprocess" : 2,
				"paymentneedsapproval" : 0,
				"paymentpending" : 2
			}
		],
		"paymentfinalstatus" : "success",
		"payments" : [{
				"Unique_Ref_Id" : "VPE1510158011",
				"Msg_Ref" : "SEPA01",
				"MOP" : "SEPA",
				"Value_Date" : "2015-09-20",
				"Exec_Date" : "2015-10-15 12:31:03.603",
				"Currency" : "EUR",
				"Amount" : "1001.01",
				"Status" : "COMPLETED"
			}, {
				"Unique_Ref_Id" : "VPE1510158012",
				"Msg_Ref" : "SEPA02",
				"MOP" : "SEPA",
				"Value_Date" : "2015-09-20",
				"Exec_Date" : "2015-10-15 12:31:03.606",
				"Currency" : "EUR",
				"Amount" : "1002.02",
				"Status" : "COMPLETED"
			}, {
				"Unique_Ref_Id" : "VPE1510158013",
				"Msg_Ref" : "BOOK01",
				"MOP" : "BOOK",
				"Value_Date" : "2015-09-20",
				"Exec_Date" : "2015-10-15 12:30:43.790",
				"Currency" : "EUR",
				"Amount" : "1004.04",
				"Status" : "COMPLETED"
			}, {
				"Unique_Ref_Id" : "VPE1510158014",
				"Msg_Ref" : "SEPA03",
				"MOP" : "SEPA",
				"Value_Date" : "2015-09-20",
				"Exec_Date" : "2015-10-15 12:31:03.608",
				"Currency" : "EUR",
				"Amount" : "992.03",
				"Status" : "COMPLETED"
			}
		],
		"fileaudit" : [{
				"Timestamp" : "2015-10-15 12:30:16.810",
				"Event" : "RECEIVE_PAYMENT",
				"Actor" : "SYSTEM",
				"Description" : "Message Received in host DV-20-RR. Assigned UIR '801'",
				"External_Reference" : ""
			}, {
				"Timestamp" : "2015-10-15 12:30:17.896",
				"Event" : "VALIDATE_AND_DEBULK",
				"Actor" : "SYSTEM",
				"Description" : "Bulk input with 4 payments received via SEPA",
				"External_Reference" : ""
			}, {
				"Timestamp" : "2015-10-15 12:31:03.635",
				"Event" : "PROCESS_PAYMENT",
				"Actor" : "SYSTEM",
				"Description" : "File moved to state COMPLETED",
				"External_Reference" : ""
			}
		]
	}, {
		"uniquerefnumber" : "123464",
		"clientid" : "8709",
		"clientname" : "Haytrans Inc",
		"filename" : "citichannel_needapproval_9.xml",
		"amount" : "542159",
		"currency" : "USD",
		"entrydate" : "1444626691005",
		"payment" : [{
				"paymentsuccess" : 0,
				"paymentnotprocess" : 4,
				"paymentneedsapproval" : 2,
				"paymentpending" : 2
			}
		],
		"paymentfinalstatus" : "pending"
	}, {
		"uniquerefnumber" : "123465",
		"clientid" : "8709",
		"clientname" : "Haytrans Inc",
		"filename" : "citichannel_needapproval_10.xml",
		"amount" : "542159",
		"currency" : "USD",
		"entrydate" : "1444626691005",
		"payment" : [{
				"paymentsuccess" : 3,
				"paymentnotprocess" : 0,
				"paymentneedsapproval" : 0,
				"paymentpending" : 2
			}
		],
		"paymentfinalstatus" : "success"
	}, {
		"uniquerefnumber" : "123466",
		"clientid" : "8710",
		"clientname" : "Haytrans Inc",
		"filename" : "citichannel_needapproval_11.xml",
		"amount" : "542160",
		"currency" : "EURO",
		"entrydate" : "1444626691006",
		"payment" : [{
				"paymentsuccess" : 14,
				"paymentnotprocess" : 2,
				"paymentneedsapproval" : 0,
				"paymentpending" : 4
			}
		],
		"paymentfinalstatus" : "success"
	}
]